{
  "id": {
    "nlu": {
      "sentiment": {
        "accuracy": 100.0,
        "macro_f1": 100.0,
        "null_weighted_f1": 100.0,
        "normalized_accuracy": 100.0,
        "null_count": 0,
        "errors": {},
        "inference_time_taken": [
          0.4165261150000106
        ],
        "is_cached": false
      },
      "qa": {
        "exact_match": 33.333333333333336,
        "f1": 33.333333333333336,
        "normalized_f1": 33.333333333333336,
        "found_in_prediction": 33.333333333333336,
        "null_count": 0,
        "errors": {},
        "inference_time_taken": [
          0.5074899219999907
        ],
        "is_cached": false
      },
      "metaphor": {
        "accuracy": 100.0,
        "macro_f1": 100.0,
        "null_weighted_f1": 100.0,
        "normalized_accuracy": 100.0,
        "null_count": 0,
        "errors": {},
        "inference_time_taken": [
          0.48825771400004214
        ],
        "is_cached": false
      }
    },
    "safety": {
      "toxicity": {
        "accuracy": 66.66666666666666,
        "macro_f1": 40.0,
        "null_weighted_f1": 80.0,
        "normalized_accuracy": 49.99999999999999,
        "null_count": 0,
        "errors": {},
        "inference_time_taken": [
          0.3742729400000826
        ],
        "is_cached": false
      }
    },
    "nlg": {
      "abssum": {
        "null_count": 0,
        "rougel_precision": 10.343890871180417,
        "rougel_recall": 22.04177109440267,
        "rougel_f1": 14.005728931102066,
        "normalized_rougel_f1": 14.005728931102066,
        "errors": {},
        "inference_time_taken": [
          1.1751914899999747
        ],
        "is_cached": false
      },
      "translation-en-xx": {
        "metricx_wmt24_scores": 1.248046875,
        "normalized_metricx_wmt24_scores": 95.0078125,
        "metricx_wmt24_wo_ref_scores": 1.8815104166666667,
        "normalized_metricx_wmt24_wo_ref_scores": 92.47395833333333,
        "null_count": 0,
        "errors": {},
        "inference_time_taken": [
          1.3077141659999825
        ],
        "is_cached": false
      },
      "translation-xx-en": {
        "metricx_wmt24_scores": 1.6106770833333333,
        "normalized_metricx_wmt24_scores": 93.55729166666667,
        "metricx_wmt24_wo_ref_scores": 1.6822916666666667,
        "normalized_metricx_wmt24_wo_ref_scores": 93.27083333333333,
        "null_count": 0,
        "errors": {},
        "inference_time_taken": [
          0.6803575000000137
        ],
        "is_cached": false
      }
    },
    "nlr": {
      "causal": {
        "accuracy": 100.0,
        "macro_f1": 100.0,
        "null_weighted_f1": 100.0,
        "normalized_accuracy": 100.0,
        "null_count": 0,
        "errors": {},
        "inference_time_taken": [
          0.32429320300002473
        ],
        "is_cached": false
      },
      "nli": {
        "accuracy": 100.0,
        "macro_f1": 100.0,
        "null_weighted_f1": 100.0,
        "normalized_accuracy": 100.0,
        "null_count": 0,
        "errors": {},
        "inference_time_taken": [
          0.4871162370000093
        ],
        "is_cached": false
      }
    },
    "linguistic-diagnostics": {
      "mp-r": {
        "accuracy": 100.0,
        "subcategories": {
          "NPIs_and_negation": 100.0
        },
        "normalized_accuracy": 100.0,
        "errors": {},
        "inference_time_taken": [
          0.42169624600001043
        ],
        "is_cached": false
      },
      "pragmatic-single": {
        "subcategories": {
          "scalar_implicatures": [
            3.0,
            3
          ]
        },
        "errors": {},
        "inference_time_taken": [
          0.35638554199999817
        ],
        "is_cached": false
      },
      "pragmatic-pair": {
        "subcategories": {
          "scalar_implicatures": [
            2.0,
            3
          ]
        },
        "errors": {},
        "inference_time_taken": [
          0.35470889200007605
        ],
        "is_cached": false
      }
    },
    "instruction-following": {
      "if-eval": {
        "overall_count": 3,
        "overall_pass": 2,
        "overall_acc": 66.66666666666666,
        "correct_language_rate": 1.0,
        "overall_lang_normalized_acc": 66.66666666666666,
        "subcategories": {
          "combination:repeat_prompt": 0.6666666666666666
        },
        "errors": {},
        "inference_time_taken": [
          7.501908501000003
        ],
        "is_cached": false
      }
    }
  },
  "vi": {
    "nlu": {
      "sentiment": {
        "accuracy": 33.33333333333333,
        "macro_f1": 25.0,
        "null_weighted_f1": 50.0,
        "normalized_accuracy": 0.0,
        "null_count": 0,
        "errors": {},
        "inference_time_taken": [
          0.47334751400001096
        ],
        "is_cached": false
      },
      "qa": {
        "exact_match": 33.333333333333336,
        "f1": 76.66666666666666,
        "normalized_f1": 76.66666666666666,
        "found_in_prediction": 66.66666666666667,
        "null_count": 0,
        "errors": {},
        "inference_time_taken": [
          0.5462197000000515
        ],
        "is_cached": false
      }
    },
    "safety": {
      "toxicity": {
        "accuracy": 33.33333333333333,
        "macro_f1": 25.0,
        "null_weighted_f1": 50.0,
        "normalized_accuracy": 0.0,
        "null_count": 0,
        "errors": {},
        "inference_time_taken": [
          0.5647522130000198
        ],
        "is_cached": false
      }
    },
    "nlg": {
      "abssum": {
        "null_count": 0,
        "rougel_precision": 18.708291203235593,
        "rougel_recall": 19.222788153178648,
        "rougel_f1": 18.668008048289742,
        "normalized_rougel_f1": 18.668008048289742,
        "errors": {},
        "inference_time_taken": [
          0.9463108539998757
        ],
        "is_cached": false
      },
      "translation-en-xx": {
        "metricx_wmt24_scores": 1.3580729166666667,
        "normalized_metricx_wmt24_scores": 94.56770833333333,
        "metricx_wmt24_wo_ref_scores": 1.8919270833333333,
        "normalized_metricx_wmt24_wo_ref_scores": 92.43229166666667,
        "null_count": 0,
        "errors": {},
        "inference_time_taken": [
          0.9689861530000599
        ],
        "is_cached": false
      },
      "translation-xx-en": {
        "metricx_wmt24_scores": 2.8411458333333335,
        "normalized_metricx_wmt24_scores": 88.63541666666667,
        "metricx_wmt24_wo_ref_scores": 2.7734375,
        "normalized_metricx_wmt24_wo_ref_scores": 88.90625,
        "null_count": 0,
        "errors": {},
        "inference_time_taken": [
          0.7329075860000103
        ],
        "is_cached": false
      }
    },
    "nlr": {
      "causal": {
        "accuracy": 100.0,
        "macro_f1": 100.0,
        "null_weighted_f1": 100.0,
        "normalized_accuracy": 100.0,
        "null_count": 0,
        "errors": {},
        "inference_time_taken": [
          0.4066626989999804
        ],
        "is_cached": false
      },
      "nli": {
        "accuracy": 66.66666666666666,
        "macro_f1": 40.0,
        "null_weighted_f1": 80.0,
        "normalized_accuracy": 49.99999999999999,
        "null_count": 0,
        "errors": {},
        "inference_time_taken": [
          0.37084262899998066
        ],
        "is_cached": false
      }
    },
    "instruction-following": {
      "if-eval": {
        "overall_count": 3,
        "overall_pass": 1,
        "overall_acc": 33.33333333333333,
        "correct_language_rate": 1.0,
        "overall_lang_normalized_acc": 33.33333333333333,
        "subcategories": {
          "combination:repeat_prompt": 0.3333333333333333
        },
        "errors": {},
        "inference_time_taken": [
          8.94447840099997
        ],
        "is_cached": false
      }
    }
  },
  "th": {
    "nlu": {
      "sentiment": {
        "accuracy": 66.66666666666666,
        "macro_f1": 40.0,